ID,Lat,Lon,Sequence,Distance
2976,42.278346,-83.7474135,1,0.0
2976,42.2779113,-83.7474339,2,48.36556369034744
2976,42.2779083,-83.7473326,3,56.706397963089955
2976,42.2778856,-83.7465669,4,119.75268449110928
2976,42.2778784,-83.7463256,5,139.62108102712017
2976,42.277875,-83.7462105,6,149.09814538696898
2976,42.2778449,-83.7451725,7,234.5621861162739
2976,42.2778311,-83.744573,8,283.9082138096376
2976,42.2778247,-83.7442943,9,306.8485109568153
2976,42.2778212,-83.7441435,10,319.2612590900702
2976,42.2778227,-83.7439459,11,335.5190987520844
2976,42.277826,-83.7435021,12,372.0333375607344
2976,42.2778281,-83.7432136,13,395.7700100581531
2976,42.2778329,-83.7420993,14,487.447448770893
2976,42.2778341,-83.7419905,15,496.39965550761156
2976,42.2778354,-83.741886,16,504.998312396655
2976,42.2778455,-83.741365,17,547.8768191661106
2976,42.2778489,-83.7411866,18,562.5590396719746
2976,42.2778539,-83.7408724,19,588.4149268073859
2976,42.2778556,-83.7407694,20,596.8910657224994
2976,42.2779329,-83.7407721,21,605.4893034448705
2976,42.2782478,-83.740783,22,640.5160672901701
2976,42.2784191,-83.7407876,23,659.567517459464
2976,42.2785759,-83.7407919,24,677.0064705812656
2976,42.2785776,-83.7406685,25,687.160496490395
2976,42.2785861,-83.7401492,26,729.8943811818416
2976,42.2785909,-83.7397149,27,765.6287433676783
2976,42.2785916,-83.7396668,28,769.586752652094
2976,42.2785936,-83.739557,29,778.6228653173602
2976,42.2785454,-83.7394242,30,790.7922681447159
2976,42.2785463,-83.7393041,31,800.6735510250027
2976,42.2785557,-83.7383995,32,875.1034494961394
2976,42.2785589,-83.7380827,33,901.1694028164994
2976,42.2785669,-83.737209,34,973.0552711936818
2976,42.2785697,-83.7370763,35,983.9770996716395
2976,42.2785728,-83.7369341,36,995.6811426569259
2976,42.2785764,-83.7367001,37,1014.9367657199987
2976,42.2785811,-83.7364395,38,1036.3830087155782
2976,42.2785746,-83.7363206,39,1046.191719591992
2976,42.2785665,-83.7362117,40,1055.1962129373012
2976,42.2785512,-83.7361273,41,1062.3452835904561
2976,42.2785349,-83.7360455,42,1069.3148688340525
2976,42.2785097,-83.7359555,43,1077.231761313946
2976,42.2784741,-83.7358502,44,1086.7564940473112
2976,42.2784127,-83.7357131,45,1099.9412560812298
2976,42.2783973,-83.7356858,46,1102.7655932929345
2976,42.2783353,-83.7355945,47,1112.9611477175272
2976,42.2779955,-83.7351635,48,1164.7779646035035
2976,42.2775842,-83.7346418,49,1227.4986986661083
2976,42.2775044,-83.7345376,50,1239.83682351189
2976,42.2774869,-83.7345119,51,1242.7103725013287
2976,42.2774704,-83.7344839,52,1245.6553533880808
2976,42.2774516,-83.734443,53,1249.616785237676
2976,42.2774252,-83.7343726,54,1256.1102174643408
2976,42.2774129,-83.7343334,55,1259.613330989739
2976,42.2773967,-83.7342755,56,1264.706138708677
2976,42.277387,-83.7342303,57,1268.5781275528873
2976,42.2773788,-83.7341851,58,1272.407007253137
2976,42.2773712,-83.7341164,59,1278.1219736879711
2976,42.2773698,-83.7340638,60,1282.452320772323
2976,42.2773719,-83.7339112,61,1295.0093176640407
2976,42.2774105,-83.7335883,62,1321.9196839182646
2976,42.2774252,-83.7334774,63,1331.1889871798717
2976,42.2773273,-83.733473,64,1342.0809877739655
2976,42.2768843,-83.7334517,65,1391.3715018326316
2976,42.2767982,-83.7334357,66,1401.0354598000756
2976,42.2766964,-83.7334035,67,1412.6609766114175
2976,42.276537,-83.7333306,68,1431.3727369094122
2976,42.2764442,-83.7332543,69,1443.4510847317815
2976,42.2763414,-83.7331654,70,1457.0216798553877
2976,42.2762559,-83.7330691,71,1469.3974702345822
2976,42.2761657,-83.7329077,72,1486.0386915065885
2976,42.2761591,-83.7328116,73,1493.9792434318974
2976,42.2760214,-83.7326041,74,1516.9116376084214
2976,42.275936,-83.7325083,75,1529.2525997233838
2976,42.2758554,-83.7324025,76,1541.7463655688377
2976,42.2756384,-83.7321177,77,1575.3808204606146
2976,42.2751362,-83.7314505,78,1653.6860186312717
2976,42.2750553,-83.731343,79,1666.3014764018237
2976,42.2749734,-83.7312461,80,1678.4050385364387
2976,42.2748791,-83.7311408,81,1692.006821916634
2976,42.2747585,-83.7310061,82,1709.4037997669302
2976,42.2744738,-83.7306488,83,1752.6054442154696
2976,42.2738425,-83.7298385,84,1849.4167468968992
2976,42.273538,-83.7294476,85,1896.116168902369
2976,42.2733165,-83.7291633,86,1930.0836319627426
2976,42.2731078,-83.7288958,87,1962.0672322291412
2976,42.2729808,-83.7287385,88,1981.222638764671
2976,42.2729024,-83.7286413,89,1993.053006611602
2976,42.2725118,-83.7281433,90,2052.7635005194566
2976,42.2724344,-83.728048,91,2064.406357452131
2976,42.2723652,-83.7279597,92,2074.988995480818
2976,42.272281,-83.7278578,93,2087.55698885552
2976,42.271785,-83.7272299,94,2163.1276889083165
2976,42.2714383,-83.7267806,95,2216.5399902495797
2976,42.2706363,-83.7257445,96,2339.911681329947
2976,42.2703198,-83.725346,97,2388.0125987636243
2976,42.2702332,-83.725237,98,2401.171824846575
2976,42.2701601,-83.7251395,99,2412.5924512137667
2976,42.2701443,-83.7251195,100,2414.9996842511778
2976,42.270111,-83.725081,101,2419.8726747083974
2976,42.2700409,-83.7249927,102,2430.528482218284
2976,42.2688375,-83.7234788,103,2613.3478970361793
2976,42.2686793,-83.7232666,104,2638.1333675759333
2976,42.2679334,-83.7223176,105,2752.049314818194
2976,42.2674659,-83.7217098,106,2824.185328177401
2976,42.267406,-83.721632,107,2833.423656682548
2976,42.267291,-83.721487,108,2850.913010898708
2976,42.266483,-83.720468,109,2973.807357514208
2976,42.266277,-83.720201,110,3005.54695290659
2976,42.2662064,-83.7201116,111,3016.3054868017116
2976,42.2658444,-83.7196529,112,3071.486803589081
2976,42.265786,-83.719579,113,3080.38335766223
2976,42.2655351,-83.7192699,114,3118.1364353317717
2976,42.2654104,-83.7191164,115,3136.8931612573897
2976,42.2653142,-83.7189939,116,3151.591390435521
2976,42.2645442,-83.7180127,117,3269.2777035244635
2976,42.26214,-83.7149541,118,3636.454165638007
2976,42.2613029,-83.7138878,119,3764.3762241592312
2976,42.260784,-83.713242,120,3842.8212789700174
2976,42.260446,-83.712811,121,3894.4991069418884
2976,42.260232,-83.712529,122,3927.737786081271
2976,42.2599545,-83.7121523,123,3971.4775803064485
2976,42.2599143,-83.7121038,124,3977.470239597802
2976,42.2598081,-83.7119757,125,3993.300128924734
2976,42.2596411,-83.7117743,126,4018.190653875907
2976,42.2595928,-83.711716,127,4025.392319047058
2976,42.2593816,-83.7112674,128,4069.146829538332
2976,42.2592774,-83.7109901,129,4094.7404779077524
2976,42.2591958,-83.7106962,130,4120.573323003634
2976,42.259152,-83.7104061,131,4144.9392564097625
2976,42.2591294,-83.7102215,132,4160.337647709289
2976,42.2590849,-83.7098119,133,4194.407582612528
2976,42.2591153,-83.7096134,134,4211.089536301299
2976,42.2590676,-83.7092351,135,4242.670934585011
2976,42.2590499,-83.7090948,136,4254.38370132868
2976,42.259031,-83.7089552,137,4266.062958084346
2976,42.2589397,-83.7083743,138,4314.935214854043
2976,42.2587821,-83.7071414,139,4417.901342914322
2976,42.2586261,-83.7059045,140,4521.16208495968
2976,42.2585033,-83.7049347,141,4602.133674529696
2976,42.2583849,-83.7040515,142,4676.001520904023
2976,42.2583201,-83.7036231,143,4711.986578503588
2976,42.2582924,-83.7034516,144,4726.432802494145
2976,42.2582516,-83.7031997,145,4747.654203639554
2976,42.2582204,-83.7030242,146,4762.508278748501
2976,42.2580493,-83.7020635,147,4843.8287383297575
2976,42.2579555,-83.7015981,148,4883.524994804968
2976,42.2578626,-83.701149,149,4921.901536884763
2976,42.2577525,-83.7006205,150,4967.086330388807
2976,42.2577252,-83.7004795,151,4979.080893539358
2976,42.2576957,-83.7003383,152,4991.155535597775
2976,42.257608,-83.6999189,153,5027.022673310701
2976,42.2575735,-83.6997539,154,5041.1334190312355
2976,42.2575446,-83.6996156,155,5052.960273030728
2976,42.2574195,-83.6990176,156,5104.103042128984
2976,42.2573325,-83.6986016,157,5139.67988716677
2976,42.2573017,-83.6984643,158,5151.487142661562
2976,42.2572529,-83.6982236,159,5172.026276392194
2976,42.2570064,-83.6970532,160,5272.173167430787
2976,42.2569022,-83.6965585,161,5314.503279878332
2976,42.2568082,-83.696104,162,5353.341355570442
2976,42.256766,-83.6959001,163,5370.765975376475
2976,42.2567345,-83.6957475,164,5383.804199366476
2976,42.256696,-83.695562,165,5399.659675239368
2976,42.2566425,-83.6953037,166,5421.7344100187665
2976,42.25659,-83.6950506,167,5443.367071480702
2976,42.2565819,-83.6950112,168,5446.732451539851
2976,42.2565716,-83.6949616,169,5450.972153623035
2976,42.2564252,-83.6942529,170,5511.527326119673
2976,42.256276,-83.6934764,171,5577.551784400941
2976,42.2562014,-83.6930855,172,5610.775212156117
2976,42.2561654,-83.6928912,173,5627.259610579503
2976,42.256106,-83.6925287,174,5657.8159365740685
2976,42.2559924,-83.6917994,175,5719.152559417001
2976,42.2558434,-83.6913971,176,5756.176145006538
2976,42.2558144,-83.6912027,177,5772.497167888686
2976,42.2557335,-83.6906884,178,5815.769904478952
2976,42.2557094,-83.690535,179,5828.676158843601
2976,42.2555926,-83.6897997,180,5890.570143598136
2976,42.2555116,-83.6892966,181,5932.944184402577
2976,42.2553165,-83.6880605,182,6036.964368723449
2976,42.2552665,-83.6877434,183,6063.647843315141
2976,42.2552546,-83.6876762,184,6069.334601611909
2976,42.2552303,-83.6875303,185,6081.642670252421
2976,42.2551572,-83.6871286,186,6115.687838326045
2976,42.2549967,-83.6862808,187,6187.709587322736
2976,42.2546758,-83.6844845,188,6339.794209539107
2976,42.2544334,-83.6831946,189,6449.324497522506
2976,42.2543363,-83.682647,190,6495.668760332178
2976,42.2542905,-83.6820298,191,6546.720742230819
2976,42.2542003,-83.6815745,192,6585.512334499411
2976,42.2541574,-83.6813737,193,6602.713468625494
2976,42.2541031,-83.6811196,194,6624.480848768495
2976,42.254086,-83.6810394,195,6631.349972682409
2976,42.254076,-83.6809878,196,6635.739974241284
2976,42.2540319,-83.6807608,197,6655.055624025446
2976,42.25399,-83.6805478,198,6673.194772197413
2976,42.2539301,-83.6802428,199,6699.165902501145
2976,42.2539055,-83.680118,200,6709.795358521764
2976,42.253878,-83.6799869,201,6721.010265979873
2976,42.2538206,-83.6796995,202,6745.51026746943
2976,42.2538176,-83.6796847,203,6746.773211269981
2976,42.2537386,-83.679289,204,6780.504638865857
2976,42.2536959,-83.6790755,205,6798.706641709003
2976,42.253554,-83.67837,206,6858.877591201354
2976,42.253453,-83.6779,207,6899.157747021654
2976,42.2533452,-83.6774246,208,6940.080031855929
2976,42.2533133,-83.6772841,209,6952.175567782527
2976,42.25314,-83.67652,210,7017.95037751173
2976,42.2529999,-83.6758237,211,7077.338631358011
2976,42.252908,-83.675285,212,7122.838512497272
2976,42.252751,-83.6743385,213,7202.672163066471
2976,42.252696,-83.674007,214,7230.633271711749
2976,42.2526618,-83.673799,215,7248.170006091995
2976,42.252623,-83.673563,216,7268.067372951917
2976,42.25249,-83.672708,217,7339.975495345555
2976,42.252343,-83.671873,218,7410.617559306571
2976,42.2520494,-83.6705006,219,7528.197024359612
2976,42.25195,-83.670036,220,7568.001662426096
2976,42.251839,-83.6695165,221,7612.505433973206
2976,42.251695,-83.668843,222,7670.204900856315
2976,42.2515975,-83.6683827,223,7709.61121989589
2976,42.2514238,-83.6676089,224,7776.164314782517
2976,42.2513105,-83.6670542,225,7823.526190161356
2976,42.2511846,-83.6664437,226,7875.6882510447995
2976,42.251164,-83.666344,227,7884.207959532319
2976,42.2511152,-83.6660948,228,7905.4245144391925
2976,42.2510744,-83.6658801,229,7923.668910078686
2976,42.2510128,-83.6655832,230,7949.047711786465
2976,42.2508833,-83.6649057,231,8006.640105597346
2976,42.250876,-83.66487,232,8009.688535856115
2976,42.2507977,-83.6644617,233,8044.404169079471
2976,42.250785,-83.6643953,234,8050.04888556808
2976,42.2507122,-83.6640486,235,8079.710868319415
2976,42.2506096,-83.663533,236,8123.655430566584
2976,42.2506017,-83.6634971,237,8126.738087903787
2976,42.2505881,-83.6634357,238,8132.013192526196
2976,42.2505541,-83.6632638,239,8146.6582921888685
2976,42.2505297,-83.6631444,240,8156.853485457416
2976,42.2504787,-83.6628947,241,8178.173788118016
2976,42.2504555,-83.6627705,242,8188.716906094664
2976,42.2504479,-83.6627302,243,8192.13987412001
2976,42.2503899,-83.6624224,244,8218.28226820723
2976,42.2502349,-83.6616004,245,8288.100291444565
2976,42.2502105,-83.6614399,246,8301.586494494453
2976,42.2501738,-83.6611985,247,8321.870452001178
2976,42.2501439,-83.6610017,248,8338.406407879185
2976,42.250126,-83.6608503,249,8351.025842902947
2976,42.250096,-83.660597,250,8372.139735050641
2976,42.2500641,-83.660327,251,8394.644304342584
2976,42.2500444,-83.6601329,252,8410.769847945225
2976,42.2499761,-83.6592101,253,8487.102865446588
2976,42.2499505,-83.6588639,254,8515.739914957674
2976,42.2499131,-83.6582814,255,8563.864691059645
2976,42.2499021,-83.6581222,256,8577.025186665076
2976,42.2498797,-83.6577979,257,8603.833837660984
2976,42.249869,-83.657564,258,8623.122563974337
2976,42.2498556,-83.657329,259,8642.522408878554
2976,42.2498366,-83.6569964,260,8669.97968469007
2976,42.2498116,-83.6566441,261,8699.109993709968
2976,42.2497791,-83.6561867,262,8736.931072274187
2976,42.2497636,-83.6559546,263,8756.112533597872
2976,42.2497388,-83.6555831,264,8786.814358081256
2976,42.249731,-83.655467,265,8796.409693989377
2976,42.2497234,-83.6553819,266,8803.464972454261
2976,42.2496844,-83.6549438,267,8839.784324567554
2976,42.249679,-83.654883,268,8844.824600680426
2976,42.2496533,-83.6546644,269,8863.042859651068
2976,42.2496119,-83.6543096,270,8892.606694759803
2976,42.2495456,-83.6538653,271,8929.912298463616
2976,42.2494706,-83.6532812,272,8978.707022215582
2976,42.2494254,-83.6529865,273,9003.478778342755
2976,42.2493922,-83.6527705,274,9021.636814163456
2976,42.2493697,-83.6526234,275,9034.000301272074
2976,42.2493641,-83.6525869,276,9037.068444965373
2976,42.249284,-83.652065,277,9080.939349996774
2976,42.2491627,-83.6512744,278,9147.39638364423
2976,42.249122,-83.651009,279,9169.705220565766
2976,42.2490696,-83.6506523,280,9199.637660903001
2976,42.248951,-83.649844,281,9267.463102315834
2976,42.248777,-83.64866,282,9366.820149030747
2976,42.248714,-83.6482356,283,9402.448060557708
2976,42.2487057,-83.6481793,284,9407.173134163526
2976,42.2486827,-83.6480253,285,9420.104332983783
2976,42.2486755,-83.6479769,286,9424.167797835376
2976,42.2486217,-83.6476178,287,9454.324727477286
2976,42.2485528,-83.6471175,288,9496.211208194803
2976,42.2485365,-83.6469995,289,9506.091501698907
2976,42.2485164,-83.6468493,290,9518.65492903946
2976,42.2484843,-83.6466099,291,9538.68071743521
2976,42.248431,-83.6462007,292,9572.879643217198
2976,42.2484156,-83.6460787,293,9583.066489425315
2976,42.248248,-83.644732,294,9695.469971818593
2976,42.248061,-83.643345,295,9811.513357558799
2976,42.247888,-83.641985,296,9925.097341591072
2976,42.247787,-83.641194,297,9991.167102575699
2976,42.247743,-83.640795,298,10024.371786563499
2976,42.24758,-83.639502,299,10132.332912078036
2976,42.2474351,-83.6383368,300,10229.586513434098
2976,42.2473606,-83.6377191,301,10281.101009038683
2976,42.2473179,-83.6373606,302,10310.989392818623
2976,42.2473052,-83.6372541,303,10319.868638778798
2976,42.2472897,-83.6371228,304,10330.812773103122
2976,42.2472778,-83.6370195,305,10339.417951767698
2976,42.247249,-83.6367904,306,10358.545631575294
2976,42.2471551,-83.6360434,307,10420.913024235111
2976,42.247056,-83.6352197,308,10489.60328552366
2976,42.247036,-83.635086,309,10500.830899337177
2976,42.246922,-83.634175,310,10576.881422106568
2976,42.246679,-83.6322984,311,10733.694855363528
2976,42.246664,-83.6321823,312,10743.3958381125
2976,42.2464861,-83.6306688,313,10869.537252488308
2976,42.246401,-83.629898,314,10933.685988638666
2976,42.2463814,-83.6297493,315,10946.118480053854
2976,42.246308,-83.629192,316,10992.712069778707
2976,42.2462844,-83.6289936,317,11009.252530925814
2976,42.2461741,-83.6280586,318,11087.18670905858
2976,42.2460335,-83.6273815,319,11145.072456566832
2976,42.2459173,-83.6271325,320,11169.301354271021
2976,42.2458507,-83.626842,321,11194.33403244666
2976,42.2457531,-83.6264094,322,11231.56012902282
2976,42.2456627,-83.6259819,323,11268.156965312633
2976,42.2455578,-83.6254652,324,11312.259207485713
2976,42.2455282,-83.6253192,325,11324.719656855914
2976,42.2454804,-83.6250651,326,11346.300502487362
2976,42.2453708,-83.6246861,327,11379.793581889595
2976,42.2453367,-83.624571,328,11389.998566844351
2976,42.245297,-83.6244791,329,11398.757113932663
2976,42.2448441,-83.6234307,330,11498.675385864484
2976,42.2447922,-83.6233105,331,11510.1297167697
2976,42.2447159,-83.6231319,332,11527.103693914303
2976,42.2442328,-83.6220429,333,11631.60874767461
2976,42.2441855,-83.6219328,334,11642.087320098333
2976,42.244148,-83.6218443,335,11650.481257605512
2976,42.243876,-83.621188,336,11712.395513251582
2976,42.243815,-83.620979,337,11730.888499778608
2976,42.243764,-83.620783,338,11747.990174682509
2976,42.2437345,-83.6205861,339,11764.526926383158
2976,42.243719,-83.620486,340,11772.945149581647
2976,42.2437157,-83.6203884,341,11780.987634668061
2976,42.2436769,-83.6192537,342,11874.492010039916
2976,42.2436733,-83.6191479,343,11883.210317307005
2976,42.2436702,-83.6190375,344,11892.304622394313
2976,42.2436693,-83.6189979,345,11895.56590190959
2976,42.2436538,-83.6183446,346,11949.371059804433
2976,42.2436484,-83.618121,347,11967.7868843527
2976,42.2436608,-83.6177897,348,11995.09326694041
2976,42.2436573,-83.6176456,349,12006.961496813346
2976,42.2436564,-83.6175997,350,12010.741161970425
2976,42.2436535,-83.617507,351,12018.37873784093
2976,42.2436476,-83.6174278,352,12024.931152928659
2976,42.2436409,-83.6173327,353,12032.794850423306
2976,42.243645,-83.6167961,354,12076.96839528478
2976,42.2436453,-83.6167459,355,12081.100832894352
2976,42.2436468,-83.6165541,356,12096.890074399775
2976,42.2436497,-83.6161663,357,12128.814153483952
2976,42.2436505,-83.6160588,358,12137.663655054364
2976,42.2436516,-83.6159531,359,12146.36539885971
2976,42.2436552,-83.6156171,360,12174.026734049214
2976,42.243665,-83.6146978,361,12249.708388710036
2976,42.2436661,-83.614592,362,12258.418361379496
2976,42.2435813,-83.614591,363,12267.848050459243
2976,42.2424652,-83.614578,364,12391.95732175205
2976,42.2423491,-83.6145767,365,12404.867496268474
2976,42.2423219,-83.614575,366,12407.895234035383
2976,42.2422846,-83.6145753,367,12412.042878320293
2976,42.2422473,-83.6145756,368,12416.190522604502
2976,42.2422459,-83.6146749,369,12424.366243465916
2976,42.2422393,-83.6151625,370,12464.511512150251
2976,42.2422293,-83.6159044,371,12525.593827755656
2976,42.2422286,-83.6159322,372,12527.883609271914
2976,42.242227,-83.616046,373,12537.253159934342
2976,42.2422253,-83.6161521,374,12545.98921338894
2976,42.2422044,-83.6173705,375,12646.313187304939
2976,42.2422045,-83.6174054,376,12649.186130469712
2976,42.2422027,-83.6175286,377,12659.329765824621
2976,42.2421249,-83.6175264,378,12667.98262651585
2976,42.2417813,-83.6175122,379,12706.207080825567
2976,42.241629,-83.6175063,380,12723.149031266372
2976,42.241087,-83.6174981,381,12783.42046165072
2976,42.2410598,-83.6174976,382,12786.445243713468
2976,42.2409584,-83.6174972,383,12797.720457357475
2976,42.240958,-83.6173926,384,12806.331275377608
2976,42.2409619,-83.6168488,385,12851.099152517263
2976,42.2409621,-83.6168249,386,12853.066733200078
2976,42.2409665,-83.6161387,387,12909.557034819889
2976,42.2409664,-83.6160267,388,12918.776913669104
2976,42.2409665,-83.6159208,389,12927.494639155531
2976,42.2409719,-83.6146606,390,13031.236398033267
2976,42.2409723,-83.6145627,391,13039.295676144444
2976,42.2409794,-83.6144575,392,13047.991680631296
2976,42.2409918,-83.6138434,393,13098.563353493002
2976,42.2409969,-83.613207,394,13150.955030219046
2976,42.2409948,-83.6131111,395,13158.852994760882
2976,42.2409891,-83.6129946,396,13168.464225377518
2976,42.2409922,-83.6126519,397,13196.6774827594
2976,42.2410369,-83.6123984,398,13218.129424689518
2976,42.2410355,-83.6122758,399,13228.223081250957
2976,42.2410352,-83.6120928,400,13243.287714258104
2976,42.2410346,-83.6115079,401,13291.436844118169
2976,42.2410365,-83.6114006,402,13300.272327507018
2976,42.24105,-83.6106476,403,13362.277601840951
2976,42.2410756,-83.6092149,404,13480.252044445651
2976,42.2410786,-83.6090493,405,13493.888340922229
2976,42.2410786,-83.6088946,406,13506.623266687055
2976,42.2410785,-83.608726,407,13520.502446872692
2976,42.2410784,-83.6085544,408,13534.628587425665
2976,42.2410819,-83.6083872,409,13548.398015678413
2976,42.2410862,-83.6081811,410,13565.370931279802
2976,42.2410891,-83.6080421,411,13576.817972049377
2976,42.241092,-83.60722,412,13644.494115146632
2976,42.241093,-83.607083,413,13655.772520090977
2976,42.2410945,-83.6067993,414,13679.127333993545
2976,42.2410956,-83.6066005,415,13695.493030782174
2976,42.2410973,-83.60629,416,13721.054126215347
2976,42.241098,-83.606168,417,13731.097481970577
2976,42.2410992,-83.6060768,418,13738.606262101655
2976,42.2411032,-83.6057635,419,13764.400987907225
2976,42.2411069,-83.6054782,420,13787.890517518168
2976,42.2411106,-83.6051877,421,13811.808045787975
2976,42.241122,-83.6043007,422,13884.836969356149
2976,42.2411249,-83.6040767,423,13903.279487114114
2976,42.2411262,-83.6039768,424,13911.504533395153
2976,42.2411271,-83.6038578,425,13921.30113384225
2976,42.2411368,-83.602599,426,14024.931252511822
2976,42.2411396,-83.6022438,427,14054.172996410542
2976,42.2411404,-83.6021463,428,14062.199695259942
2976,42.2411542,-83.6020402,429,14071.067624291876
2976,42.2411728,-83.6018974,430,14083.003479595038
2976,42.24119,-83.601765,431,14094.069180659199
2976,42.2412173,-83.6016266,432,14105.859743887242
2976,42.241313,-83.601142,433,14147.146882564413
2976,42.241545,-83.600083,434,14238.060284706222
2976,42.2416831,-83.5994801,435,14290.0120229475
2976,42.2417499,-83.5991827,436,14315.595791497328
2976,42.2420554,-83.5979796,437,14420.297764630113
2976,42.242212,-83.597363,438,14473.959353519562
2976,42.2423482,-83.596741,439,14527.35433308068
2976,42.2425801,-83.5956528,440,14620.570674623854
2976,42.242758,-83.594843,441,14690.10499950837
2976,42.2428239,-83.5945662,442,14714.039895935772
2976,42.2429663,-83.5939133,443,14770.0691281659
2976,42.2431368,-83.5931644,444,14834.566131049456
2976,42.2431505,-83.5931044,445,14839.734771184398
2976,42.2434283,-83.5918842,446,14944.820873908895
2976,42.2436466,-83.5909589,447,15024.763118543078
2976,42.2437769,-83.5904069,448,15072.455978372922
2976,42.2439035,-83.5898701,449,15118.831688005503
2976,42.2439933,-83.5894896,450,15151.706232944738
2976,42.2441331,-83.5888969,451,15202.911696088218
2976,42.24434,-83.58802,452,15278.672242184655
2976,42.2448353,-83.5859083,453,15461.014333401501
2976,42.244928,-83.585513,454,15495.14714774881
2976,42.2450055,-83.5851881,455,15523.245431282094
2976,42.245068,-83.5849263,456,15545.888381952689
2976,42.2450692,-83.5849236,457,15546.147611225533
2976,42.245162,-83.584536,458,15579.680045278043
2976,42.245194,-83.584404,459,15591.113386339777
2976,42.245259,-83.584136,460,15614.327566105576
2976,42.2453842,-83.5836024,461,15660.404104980526
2976,42.2454526,-83.5833119,462,15685.496891680801
2976,42.245524,-83.583009,463,15711.663447585555
2976,42.2456241,-83.5825827,464,15748.477018786905
2976,42.2456626,-83.5824189,465,15762.623396507393
2976,42.245883,-83.581481,466,15843.622213394809
2976,42.246157,-83.580322,467,15943.770717077288
2976,42.246471,-83.579033,468,16055.469757557725
2976,42.246767,-83.577809,469,16161.460683609052
2976,42.246932,-83.577119,470,16221.146277570324
2976,42.2470528,-83.5766281,471,16263.72757961449
2976,42.247208,-83.575967,472,16320.815132964733
2976,42.2474169,-83.5750611,473,16398.915861917863
2976,42.247431,-83.575,474,16404.183836117023
2976,42.247448,-83.574928,475,16410.404457171993
2976,42.2474603,-83.5748785,476,16414.702319310247
2976,42.247696,-83.57393,477,16497.056587349234
2976,42.248012,-83.572736,478,16601.42875196783
2976,42.248309,-83.57166,479,16695.952154627816
2976,42.248648,-83.570433,480,16803.75244321681
2976,42.2489151,-83.5694467,481,16890.1971578805
2976,42.248938,-83.569362,482,16897.61927706725
2976,42.2489794,-83.5692005,483,16911.68686065489
2976,42.249163,-83.568484,484,16974.095417503075
2976,42.2504102,-83.5638502,485,17379.92862127698
2976,42.250481,-83.563587,486,17402.978190922033
2976,42.2505166,-83.5634573,487,17414.363825017037
2976,42.2509466,-83.5618887,488,17552.040757745675
2976,42.251065,-83.561457,489,17589.933419245117
2976,42.2512558,-83.5607334,490,17653.156789085922
2976,42.251442,-83.560077,491,17711.01437625497
2976,42.251797,-83.558761,492,17826.29835654757
2976,42.25225,-83.557145,493,17968.52330444118
2976,42.252435,-83.556558,494,18021.03371372368
2976,42.252725,-83.555479,495,18115.51421099924
2976,42.25293,-83.554696,496,18183.87154624081
2976,42.2530558,-83.5542186,497,18225.579473505008
2976,42.253136,-83.553914,498,18252.188298590077
2976,42.2531724,-83.5537705,499,18264.67326398081
2976,42.2535598,-83.5522435,500,18397.529102967186
2976,42.254015,-83.550449,501,18553.655371755955
2976,42.254388,-83.5485832,502,18712.718899888532
2976,42.2543897,-83.5485716,503,18713.692146099263
2976,42.254532,-83.5478985,504,18771.30550880092
2976,42.254571,-83.5477243,505,18786.284117887226
2976,42.2546043,-83.5476103,506,18796.370827754195
2976,42.2546941,-83.5473219,507,18822.121653684146
2976,42.2547716,-83.5470411,508,18846.786568416945
2976,42.2548804,-83.5466655,509,18879.982310228555
2976,42.2551739,-83.5457667,510,18960.83459516869
2976,42.2555198,-83.5447764,511,19050.95741017825
2976,42.2555905,-83.5445817,512,19068.8060286876
2976,42.25578,-83.5440157,513,19119.932603396923
2976,42.2558256,-83.5438804,514,19132.168007268643
2976,42.255911,-83.543627,515,19155.083227671712
2976,42.256056,-83.543212,516,19192.852383704427
2976,42.256569,-83.541603,517,19337.037186486028
2976,42.2568042,-83.5408569,518,19403.778598717785
2976,42.2570326,-83.5400923,519,19471.636592243827
2976,42.2572592,-83.5393206,520,19539.962517647793
2976,42.2574792,-83.5385476,521,19608.12086349568
2976,42.2576571,-83.5379342,522,19662.34023932179
2976,42.2576775,-83.5378556,523,19669.19510008038
2976,42.2577586,-83.5375635,524,19694.870263795572
2976,42.2577688,-83.537528,525,19698.00428411883
2976,42.2579005,-83.5370718,526,19738.3037274266
2976,42.2580281,-83.5365939,527,19780.115000238056
2976,42.2581482,-83.5361721,528,19817.308471549346
2976,42.2582682,-83.5356501,529,19862.29246949843
2976,42.2583221,-83.535239,530,19896.651806068712
2976,42.258329,-83.5348102,531,19931.94937185731
2976,42.2582935,-83.5344292,532,19963.552277251412
2976,42.2582287,-83.5340584,533,19994.907406986444
2976,42.2581067,-83.533665,534,20030.01059643757
2976,42.2579228,-83.5332274,535,20071.424752085066
2976,42.2578467,-83.5330177,536,20090.645590797536
2976,42.2578274,-83.5327837,537,20110.022594874747
2976,42.258189,-83.5320754,538,20180.836530262022
2976,42.2585679,-83.5313091,539,20256.680000500644
2976,42.2588141,-83.5308149,540,20305.7065941447
2976,42.2590154,-83.5304158,541,20345.453239026414
2976,42.2595447,-83.5293445,542,20451.45738713296
2976,42.2597733,-83.5288877,543,20496.8374454172
2976,42.259939,-83.5285519,544,20530.05140231685
2976,42.260104,-83.5282114,545,20563.545102702265
2976,42.2602959,-83.5277804,546,20604.93821033954
2976,42.2604825,-83.5273234,547,20647.890985342354
2976,42.2605029,-83.5272759,548,20652.41048079443
2976,42.260689,-83.5268253,549,20694.875631279177
2976,42.2608658,-83.5263288,550,20740.21832435117
2976,42.26105,-83.525804,551,20788.017065618402
2976,42.2611342,-83.5255137,552,20813.676147661805
2976,42.2612341,-83.5251576,553,20845.015751155577
2976,42.2614985,-83.5242384,554,20926.172527784533
2976,42.2615504,-83.5240523,555,20942.53859427571
2976,42.2618623,-83.5229331,556,21040.95457152552
2976,42.2620963,-83.5220857,557,21115.385660946573
2976,42.2621384,-83.5219316,558,21128.903429879298
2976,42.2622853,-83.5213949,559,21175.99365796599
2976,42.2623184,-83.5212739,560,21186.609495151002
2976,42.2625765,-83.5203177,561,21270.367687193026
2976,42.2627073,-83.5198458,562,21311.83556303929
2976,42.2627305,-83.5197642,563,21319.029063565016
2976,42.2628516,-83.5193351,564,21356.820877922575
2976,42.2629887,-83.518863,565,21398.554773838954
2976,42.2630124,-83.5187815,566,21405.760711697538
2976,42.2630381,-83.5186998,567,21413.066061362486
2976,42.2631245,-83.5184245,568,21437.673792472444
2976,42.263168,-83.5182749,569,21450.90072702878
2976,42.2633853,-83.5175047,570,21518.730973567603
2976,42.2636267,-83.5166488,571,21594.105312776577
2976,42.2637313,-83.5162853,572,21626.199651685984
2976,42.2638174,-83.5159779,573,21653.24687475796
2976,42.2640942,-83.5149896,574,21740.203718063745
2976,42.2641158,-83.5149125,575,21746.987685400392
2976,42.2641406,-83.5148251,576,21754.69038549574
2976,42.2642075,-83.5145895,577,21775.45607708019
2976,42.2643503,-83.5140872,578,21819.735272153128
2976,42.264386,-83.5139571,579,21831.1534335059
2976,42.2644697,-83.5136687,580,21856.64548232908
2976,42.2646728,-83.5129125,581,21922.84412944149
2976,42.2648177,-83.5124016,582,21967.867409837276
2976,42.2648518,-83.5122743,583,21979.007944315086
2976,42.2649318,-83.5119939,584,22003.737164565646
2976,42.2651123,-83.5113477,585,22060.57396572358
2976,42.2651275,-83.511296,586,22065.151734656025
2976,42.2652524,-83.51087,587,22102.85763263837
2976,42.2653405,-83.5105917,588,22127.76582779032
2976,42.2655824,-83.5097545,589,22201.72245729869
2976,42.2657085,-83.509309,590,22240.971849197325
2976,42.2657507,-83.5091523,591,22254.69364360934
2976,42.2658618,-83.5087739,592,22288.192502922233
2976,42.2659799,-83.5083689,593,22324.01302833009
2976,42.2661788,-83.5076955,594,22383.676104420054
2976,42.2662742,-83.507357,595,22413.481964997365
2976,42.2665586,-83.5063788,596,22499.964478412414
2976,42.2667659,-83.5056826,597,22561.716033270295
2976,42.2670293,-83.5047806,598,22641.508210590448
2976,42.2671942,-83.5041758,599,22694.545295459913
2976,42.2672562,-83.5039483,600,22714.49446631324
2976,42.2672774,-83.5038707,601,22721.301097906962
2976,42.2674162,-83.5033614,602,22765.96092572607
2976,42.267563,-83.5028034,603,22814.69159824103
2976,42.2676838,-83.5023451,604,22854.723847907248
2976,42.2678514,-83.5016948,605,22911.3864057024
2976,42.2679826,-83.501194,606,22955.100973762714
2976,42.2680958,-83.5007487,607,22993.844207494225
2976,42.2681992,-83.5003515,608,23028.491095440746
2976,42.2682808,-83.5000366,609,23055.945271465112
2976,42.2683301,-83.4998462,610,23072.543641954744
2976,42.2685873,-83.4988528,611,23159.143684949362
2976,42.2687786,-83.4981349,612,23221.928669259254
2976,42.2688543,-83.4978593,613,23246.117933696067
2976,42.2689145,-83.4976352,614,23265.735156137354
2976,42.2689722,-83.4974151,615,23284.94870244956
2976,42.2691398,-83.4968166,616,23337.603742044976
2976,42.2691828,-83.4966632,617,23351.101288532132
2976,42.2692704,-83.4963385,618,23379.538964606498
2976,42.269303,-83.4962176,619,23390.126886205748
2976,42.2693782,-83.4959383,620,23414.58255757482
2976,42.2694481,-83.495679,621,23437.290223425392
2976,42.2695546,-83.4952837,622,23471.905416822137
2976,42.2696583,-83.4949016,623,23505.39354117401
2976,42.2699746,-83.4937298,624,23608.0267719093
2976,42.270227,-83.4928145,625,23688.39915255255
2976,42.2703952,-83.4921737,626,23744.344344100547
2976,42.270679,-83.4911411,627,23834.979584149627
2976,42.2708003,-83.490699,628,23873.776275025266
2976,42.2708864,-83.4903578,629,23903.43820296929
2976,42.2709809,-83.4899901,630,23935.46582676546
2976,42.271135,-83.489393,631,23987.498214619307
2976,42.2712506,-83.4889618,632,24025.23445140609
2976,42.2714038,-83.4884134,633,24073.46569587441
2976,42.2715602,-83.4878406,634,24123.702170078966
2976,42.2716425,-83.4875453,635,24149.665788687074
2976,42.271703,-83.487323,636,24169.15458518086
2976,42.2717659,-83.4870932,637,24189.314689224622
2976,42.2717838,-83.487028,638,24195.036685361534
2976,42.271847,-83.486797,639,24215.300943540075
2976,42.2719337,-83.4864851,640,24242.715107728993
2976,42.2721065,-83.4858735,641,24296.580963532633
2976,42.272206,-83.4855318,642,24326.79452448734
2976,42.272362,-83.484962,643,24376.783482247516
2976,42.272516,-83.484416,644,24424.8609021083
2976,42.272888,-83.483085,645,24541.925665462764
2976,42.2729251,-83.4829542,646,24553.451284598646
2976,42.2732336,-83.4818676,647,24649.21013987954
2976,42.273456,-83.481084,648,24718.263284590364
2976,42.273571,-83.480661,649,24755.34161548074
2976,42.273709,-83.480157,650,24799.557624736706
2976,42.2738923,-83.4795338,651,24854.735368200647
2976,42.273945,-83.479322,652,24873.120585118904
2976,42.27412,-83.478667,653,24930.417646611695
2976,42.274288,-83.478036,654,24985.592978064775
2976,42.274359,-83.477766,655,25009.16886484483
2976,42.2746231,-83.4767717,656,25096.08763565103
2976,42.274751,-83.476218,657,25143.812302842514
2976,42.274831,-83.475833,658,25176.71398279752
2976,42.2748847,-83.4755417,659,25201.41363176938
2976,42.274932,-83.475285,660,25223.178910829316
2976,42.275005,-83.474817,661,25262.53033014123
2976,42.275044,-83.474514,662,25287.83428306892
2976,42.275064,-83.4743482,663,25301.65569925532
2976,42.2751669,-83.47354,664,25369.12817460998
2976,42.2752339,-83.4729123,665,25421.307168734013
2976,42.275241,-83.4728531,666,25426.241450037156
2976,42.2752676,-83.4726324,667,25444.63898067048
2976,42.2752771,-83.472542,668,25452.15132771585
2976,42.2753251,-83.4720835,669,25490.250346422967
2976,42.2753667,-83.4716869,670,25523.207018361187
2976,42.2755165,-83.4702577,671,25641.96878924498
2976,42.275575,-83.469699,672,25688.393899785315
2976,42.2756444,-83.4691139,673,25737.147652212723
2976,42.275712,-83.468502,674,25788.049780532692
2976,42.2757237,-83.468397,675,25796.786060709906
2976,42.275847,-83.467287,676,25889.134548612987
2976,42.2759362,-83.4665409,677,25951.315864797813
2976,42.275994,-83.466057,678,25991.64398161066
2976,42.2760176,-83.4658506,679,26008.82701702392
2976,42.276037,-83.465681,680,26022.94653742534
2976,42.276099,-83.465118,681,26069.777295843698
2976,42.276145,-83.464631,682,26110.17009610034
2976,42.276833,-83.458494,683,26620.84790000435
2976,42.27703,-83.456697,684,26770.30709907913
2976,42.277061,-83.456454,685,26790.59447613816
2976,42.2770852,-83.4562654,686,26806.34279658456
2976,42.2771539,-83.45573,687,26851.049304506978
2976,42.2771828,-83.4555044,688,26869.886236621518
2976,42.2772002,-83.4553688,689,26881.208986555568
2976,42.2772282,-83.4551056,690,26903.085917130804
2976,42.277284,-83.454602,691,26944.98057194593
2976,42.2773539,-83.4540057,692,26994.65175792317
2976,42.2773869,-83.4537557,693,27015.544707465742
2976,42.2774319,-83.4534213,694,27043.50803767219
2976,42.277516,-83.4528753,695,27089.391959291745
2976,42.27757,-83.4525545,696,27116.459404519414
2976,42.2776149,-83.4523095,697,27137.225278302525
2976,42.2776299,-83.4522277,698,27144.15877222717
2976,42.277761,-83.4515791,699,27199.475991700197
2976,42.2778029,-83.4513894,700,27215.763616516702
2976,42.2778917,-83.451002,701,27249.130324871032
2976,42.2780199,-83.4504679,702,27295.32625788051
2976,42.2781587,-83.4498514,703,27348.343065913316
2976,42.2782301,-83.4495362,704,27375.463232974143
2976,42.2783039,-83.4492306,705,27401.910762828462
2976,42.2783822,-83.4488771,706,27432.26902055273
2976,42.2784064,-83.4487681,707,27441.63164038
2976,42.2785032,-83.4483313,708,27479.145131560734
2976,42.2785662,-83.448047,709,27503.561373387973
2976,42.278789,-83.4471312,710,27582.873777784094
2976,42.2788562,-83.4468583,711,27606.536303584046
2976,42.2789167,-83.4466103,712,27628.019909234117
2976,42.2789198,-83.4465974,713,27629.135778097618
2976,42.2790562,-83.4460384,714,27677.561529056
2976,42.279282,-83.445083,715,27760.075441479843
2976,42.2793251,-83.4448797,716,27777.47405732233
2976,42.279414,-83.444488,717,27811.181368331625
2976,42.2796209,-83.4437134,718,27878.93334707783
2976,42.2798358,-83.4429087,719,27949.316370068787
2976,42.2798916,-83.4426628,720,27970.47656754228
2976,42.2799758,-83.4422907,721,28002.488766801736
2976,42.2800318,-83.4420373,722,28024.245926193893
2976,42.2800788,-83.441751,723,28048.372450614967
2976,42.2801048,-83.4415097,724,28068.433428875196
2976,42.2801267,-83.4412886,725,28086.785428747018
2976,42.2801399,-83.4409833,726,28111.945056267432
2976,42.2801419,-83.4408766,727,28120.72599214799
2976,42.2801413,-83.4408258,728,28124.9057978676
2976,42.2801287,-83.440547,729,28147.885192556816
2976,42.2801069,-83.4400007,730,28192.89417398727
2976,42.2800325,-83.4389093,731,28283.063152304636
2976,42.280016,-83.438684,732,28301.689011574894
2976,42.279912,-83.437766,733,28378.092553544462
2976,42.279876,-83.437392,734,28409.120643072718
2976,42.279839,-83.437019,735,28440.081749797282
2976,42.2798149,-83.4367557,736,28461.908459453338
2976,42.2797696,-83.4362604,737,28502.966754399924
2976,42.279684,-83.435365,738,28577.243434705968
2976,42.279613,-83.434738,739,28629.42725866133
2976,42.279594,-83.434537,740,28646.097915969534
2976,42.2795207,-83.4337353,741,28712.5554140365
2976,42.279328,-83.4315866,742,28890.623061173483
2976,42.279237,-83.430631,743,28969.889049518257
2976,42.279124,-83.429547,744,29059.95099154065
2976,42.2789977,-83.4282686,745,29166.05918272116
2976,42.278889,-83.427104,746,29262.6310463498
2976,42.2788623,-83.4267852,747,29289.02648046707
2976,42.278774,-83.4257316,748,29376.261396249578
2976,42.2787,-83.424958,749,29440.435943709774
2976,42.278653,-83.424516,750,29477.17338624072
2976,42.2785758,-83.4237665,751,29539.43027122268
2976,42.278568,-83.423685,752,29546.19123686286
2976,42.2785642,-83.4236428,753,29549.688700267263
2976,42.278515,-83.423101,754,29594.597732952443
2976,42.2784961,-83.422906,755,29610.77770116232
2976,42.278383,-83.421741,756,29707.44540749455
2976,42.278364,-83.4215291,757,29725.006281424212
2976,42.2783402,-83.4212649,758,29746.902923557936
2976,42.2783268,-83.4211154,759,29759.292439294662
2976,42.2782674,-83.420489,760,29811.248888320253
2976,42.2781278,-83.4188123,761,29950.06447715262
2976,42.2779469,-83.417034,762,30097.744936190724
2976,42.277912,-83.416606,763,30133.170569399288
2976,42.277902,-83.416196,764,30166.920442897146
2976,42.2778962,-83.4157582,765,30202.94493548444
2976,42.27791,-83.415399,766,30232.536879098756
2976,42.277931,-83.4149899,767,30266.27528291685
2976,42.2779468,-83.4148054,768,30281.55580788447
2976,42.277958,-83.414634,769,30295.712118360596
2976,42.2779922,-83.4143514,770,30319.27113451607
2976,42.2780295,-83.4140721,771,30342.62100031736
2976,42.2781393,-83.4134388,772,30396.135130271494
2976,42.2781984,-83.4131385,773,30421.70039165556
2976,42.2782336,-83.4129761,774,30435.622821325363
2976,42.2783556,-83.4123659,775,30487.625536957876
2976,42.278426,-83.412018,776,30517.298957081828
2976,42.2784983,-83.4116549,777,30548.234562585214
2976,42.2785146,-83.4115731,778,30555.204151602895
2976,42.2786041,-83.4111236,779,30593.500748183345
2976,42.2787184,-83.4105522,780,30642.198237232496
2976,42.2790421,-83.4089339,781,30780.116709956375
2976,42.2790887,-83.4087104,782,30799.220346499365
2976,42.2791432,-83.408449,783,30821.563398413444
2976,42.2793195,-83.4075658,784,30896.822612644195
2976,42.2794887,-83.4067144,785,30969.350157516
2976,42.2795219,-83.4065556,786,30982.92619985164
2976,42.2795866,-83.406246,787,31009.393503865227
2976,42.279814,-83.4051381,788,31103.98249722286
2976,42.2798332,-83.4050445,789,31111.973406660523
2976,42.2799224,-83.4046262,790,31147.787591785524
2976,42.2801152,-83.4036488,791,31231.00644434589
2976,42.28035,-83.402458,792,31332.391793427007
2976,42.280393,-83.402231,793,31351.669199505268
2976,42.2804641,-83.4017844,794,31389.251413510137
2976,42.2805326,-83.4013823,795,31423.197234985935
2976,42.2806166,-83.4009258,796,31461.896932886604
2976,42.2806451,-83.4007389,797,31477.596100544135
2976,42.280733,-83.4002008,798,31522.930911153027
2976,42.2808075,-83.3997542,799,31560.59427527929
2976,42.2808669,-83.3993682,800,31593.029446692366
2976,42.2808964,-83.3991831,801,31608.606584531575
2976,42.281034,-83.39832,802,31681.24194512616
2976,42.281116,-83.397754,803,31728.6899321608
2976,42.281132,-83.397524,804,31747.695000934535
2976,42.2811377,-83.3973015,805,31766.01056986261
2976,42.281137,-83.397218,806,31772.880376964902
2976,42.281157,-83.396142,807,31861.428509685826
2976,42.281155,-83.396042,808,31869.658298361293
2976,42.281152,-83.39575,809,31893.682822767307
2976,42.281106,-83.395359,810,31926.253696780583
2976,42.281019,-83.394947,811,31961.501614058383
2976,42.280939,-83.394688,812,31984.591397834003
2976,42.280907,-83.394585,813,31993.781787403383
2976,42.2808509,-83.394452,814,32006.376755735815
2976,42.2807892,-83.3943058,815,32020.223533376695
2976,42.2807614,-83.39424,816,32026.457230262447
2976,42.2806953,-83.3940867,817,32041.054434558013
2976,42.2805366,-83.3937542,818,32073.606866948925
2976,42.280437,-83.3935149,819,32096.195139289703
2976,42.280288,-83.393157,820,32129.980504380354
2976,42.280185,-83.392906,821,32153.593551015467
2976,42.2801638,-83.3928472,822,32158.9747857198
2976,42.280119,-83.392723,823,32170.342270357454
2976,42.280077,-83.392582,824,32182.847057510597
2976,42.28004,-83.392438,825,32195.38790301136
2976,42.280009,-83.392288,826,32208.200689306996
2976,42.2800006,-83.3922447,827,32211.883370170992
2976,42.279953,-83.392001,828,32232.619300779035
2976,42.279938,-83.3918656,829,32243.882759359996
2976,42.279928,-83.391776,830,32251.33749602446
2976,42.2799262,-83.3917235,831,32255.661276569586
2976,42.2799212,-83.3915822,832,32267.2992365342
2976,42.2799195,-83.3915223,833,32272.230800606547
2976,42.2799154,-83.39132,834,32288.88015345365
2976,42.2799059,-83.3909655,835,32318.063801352884
2976,42.2799046,-83.3909174,836,32322.02360205153
2976,42.279902,-83.390698,837,32340.075838753906
2976,42.279903,-83.389701,838,32422.0985758959
2976,42.2799046,-83.3894867,839,32439.72982064381
2976,42.2799118,-83.3884862,840,32522.044311603506
2976,42.279912,-83.388452,841,32524.858014951904
2976,42.2799197,-83.3874727,842,32605.429039437913
2976,42.2799265,-83.3866005,843,32677.188431612805
2976,42.279929,-83.386276,844,32703.886311277445
2976,42.279942,-83.385556,845,32763.137934419123
2976,42.279951,-83.385163,846,32795.48529786789
2976,42.2799515,-83.3851364,847,32797.674370221204
2976,42.2799522,-83.3850933,848,32801.22103582568
2976,42.2799644,-83.3843748,849,32860.34716238289
2976,42.279981,-83.383826,850,32905.534313042874
2976,42.2800071,-83.3830316,851,32970.953491703265
2976,42.280019,-83.38267,852,33000.731493844956
2976,42.280057,-83.3821369,853,33044.7923290565
2976,42.2800706,-83.3819918,854,33056.825005724735
2976,42.280082,-83.38187,855,33066.9252610893
2976,42.280181,-83.380943,856,33143.97918610675
2976,42.280192,-83.380807,857,33155.23444248288
2976,42.280214,-83.380646,858,33168.7037731781
2976,42.2802186,-83.3806215,859,33170.78325385133
2976,42.280279,-83.380303,860,33197.832977405575
2976,42.280337,-83.380061,861,33218.7605944901
2976,42.2803601,-83.379983,862,33225.672559916165
2976,42.280409,-83.379818,863,33240.295448850695
2976,42.280473,-83.379628,864,33257.47026871092
2976,42.280519,-83.379507,865,33268.66201546086
2976,42.2807738,-83.3789026,866,33325.89062249342
2976,42.280944,-83.378499,867,33364.10893284465
2976,42.28101,-83.378346,868,33378.67917205541
2976,42.2810435,-83.3782365,869,33388.427307827915
2976,42.281097,-83.3780618,870,33403.98205545899
2976,42.2811171,-83.3779701,871,33411.85013855313
2976,42.281154,-83.377802,872,33426.27521735565
2976,42.281199,-83.377519,873,33450.088647291435
2976,42.2812368,-83.3771849,874,33477.89382521629
2976,42.281258,-83.376998,875,33493.44931757325
2976,42.2814442,-83.3748364,876,33672.480159026505
2976,42.2814768,-83.3744578,877,33703.8368444761
2976,42.2815741,-83.3736176,878,33773.79949952111
2976,42.281657,-83.372902,879,33833.3872534789
2976,42.2817561,-83.3722621,880,33887.17093345867
2976,42.2818397,-83.3717219,881,33932.57339329174
2976,42.2819088,-83.3712584,882,33971.470539635106
2976,42.282027,-83.3704654,883,34038.018889550294
2976,42.2821767,-83.3694606,884,34122.33973708036
2976,42.2821903,-83.3693526,885,34131.35229714423
2976,42.282212,-83.3692018,886,34143.99056029251
2976,42.28238,-83.368089,887,34237.423094262114
2976,42.2824049,-83.3679206,888,34251.55069481195
2976,42.2824462,-83.3676416,889,34274.957874560896
2976,42.282764,-83.365494,890,34455.13161684194
2976,42.2828372,-83.3649829,891,34497.9582021968
2976,42.2830166,-83.3637308,892,34602.87672911248
2976,42.283086,-83.363246,893,34643.49870004295
2976,42.283139,-83.3629475,894,34668.75216736419
2976,42.2832658,-83.3622325,895,34729.23803847796
2976,42.283301,-83.362034,896,34746.03018416344
2976,42.2834754,-83.3608519,897,34845.19028290754
2976,42.2834968,-83.3607067,898,34857.369845556255
2976,42.2836149,-83.3599066,899,34924.48708051514
2976,42.283654,-83.359655,900,34945.63655992357
2976,42.28384,-83.358443,901,35047.46359880582
2976,42.2838633,-83.358292,902,35060.15282036982
2976,42.28387,-83.3582487,903,35063.79193990701
2976,42.283973,-83.3575814,904,35119.86889384441
2976,42.284024,-83.357251,905,35147.63426004066
2976,42.284155,-83.356395,906,35219.543069122694
2976,42.284212,-83.356026,907,35250.55307160533
2976,42.2842655,-83.355679,908,35279.71190718393
2976,42.2843324,-83.3552447,909,35316.205279420035
2976,42.2843976,-83.3548123,910,35352.507386242694
2976,42.2845829,-83.3535993,911,35454.398054828845
2976,42.284593,-83.3535304,912,35460.176193265914
2976,42.2845936,-83.3535263,913,35460.520008273255
2976,42.2846925,-83.3528551,914,35516.819624001226
2976,42.2847446,-83.3525071,915,35546.027509356114
2976,42.284973,-83.350983,916,35673.950943045624
2976,42.285004,-83.350765,917,35692.21252124823
2976,42.2850095,-83.3507272,918,35695.38162560981
2976,42.2850669,-83.3503425,919,35727.66532870904
2976,42.285127,-83.349923,920,35762.81564496908
2976,42.2852693,-83.3489437,921,35844.914592276626
2976,42.285305,-83.348711,922,35864.46433234473
2976,42.2850997,-83.348695,923,35887.33056306481
2976,42.285022,-83.348689,924,35895.9844958781
2976,42.284838,-83.3486805,925,35916.45630738701
2976,42.2848173,-83.3486795,926,35918.75951192266
2976,42.284375,-83.348659,927,35967.96993217502
2976,42.284304,-83.348656,928,35975.86862834257
2976,42.284208,-83.348651,929,35986.55126284877
2976,42.282025,-83.348553,930,36229.423631072634
2976,42.277899,-83.348381,931,36688.43206388883
2976,42.276035,-83.348304,932,36895.79619861473
2976,42.2747188,-83.3482366,933,37042.255979834365
2976,42.2725962,-83.3481655,934,37278.35081691826
2976,42.272462,-83.348161,935,37293.27776879211
2976,42.2723135,-83.3481601,936,37309.79038144192
2976,42.270105,-83.348075,937,37555.4641827228
2976,42.269647,-83.348073,938,37606.39172501131
2976,42.269221,-83.34807,939,37653.76140694773
2976,42.2691711,-83.3480707,940,37659.31033273408
2976,42.2681997,-83.3480845,941,37767.331052975765
2976,42.2680462,-83.3480867,942,37784.400434167335
2976,42.2678893,-83.3480889,943,37801.847857313696
2976,42.2676229,-83.3480955,944,37831.47516368137
2976,42.267463,-83.348095,945,37849.25528005366
2976,42.2669302,-83.3480935,946,37908.50006554476
2976,42.2667443,-83.348093,947,37929.17124335295
2976,42.264942,-83.348088,948,38129.57828199085
2976,42.263857,-83.348096,949,38250.22657346903
2976,42.2637432,-83.3480968,950,38262.880727366784
2976,42.2635573,-83.3481091,951,38283.576630302705
2976,42.262712,-83.348082,952,38377.59615389266
2976,42.262061,-83.348065,953,38449.9975681319
2976,42.260043,-83.348014,954,38674.42817682402
2976,42.256751,-83.347934,955,39040.54107834894
2976,42.255796,-83.347908,956,39146.75379024225
2976,42.2557514,-83.3479063,957,39151.71505717183
2976,42.255637,-83.3479018,958,39164.44114695668
2976,42.254948,-83.347875,959,39241.08619543515
2976,42.253824,-83.347814,960,39366.17008642709
2976,42.253591,-83.3478077,961,39392.083692396154
2976,42.2533315,-83.3478007,962,39420.94452684463
2976,42.252858,-83.347788,963,39473.60569933255
2976,42.2527089,-83.3477841,964,39490.187969936225
2976,42.2526041,-83.3477814,965,39501.84331692509
2976,42.2525208,-83.3477792,966,39511.10762400784
2976,42.2523914,-83.3477758,967,39525.498968481326
2976,42.2521375,-83.3477692,968,39553.736585860315
2976,42.251062,-83.347741,969,39673.34925106979
2976,42.2497854,-83.3477006,970,39815.339636302575
2976,42.249519,-83.3476922,971,39844.97003236187
2976,42.2493709,-83.3476875,972,39861.44254420753
2976,42.249154,-83.3476807,973,39885.56721738007
2976,42.2488239,-83.3476703,974,39922.28264312278
2976,42.248808,-83.3476698,975,39924.051121389566
2976,42.2486314,-83.3476642,976,39943.6935544421
2976,42.2485336,-83.3477334,977,39955.96977817566
2976,42.2483221,-83.3477508,978,39979.53107461087
2976,42.248113,-83.347786,979,40002.96176041231
2976,42.2480326,-83.3478012,980,40011.98895316688
2976,42.247933,-83.34782,981,40023.171553480424
2976,42.2477118,-83.3478492,982,40047.88502385424
2976,42.2476217,-83.3478611,983,40057.95145523885
2976,42.2475397,-83.3478672,984,40067.083253390556
2976,42.2473704,-83.3478798,985,40085.93710173044
2976,42.24735,-83.347882,986,40088.21269488479
2976,42.2469764,-83.3478792,987,40129.75575880028
2976,42.2468523,-83.3478797,988,40143.55511057092
2976,42.246488,-83.347881,989,40184.063563681775
2976,42.2464105,-83.347881,990,40192.681170496304
2976,42.246243,-83.347881,991,40211.30632070965
2976,42.245804,-83.3478724,992,40260.12602612192
2976,42.245582,-83.347868,993,40284.813956660706
2976,42.245434,-83.347865,994,40301.272658450354
2976,42.2452326,-83.3478432,995,40323.73909556841
2976,42.245039,-83.3478052,996,40345.49249605458
2976,42.2448948,-83.3477637,997,40361.886660171076
2976,42.2448306,-83.3477464,998,40369.16602612743
2976,42.2446691,-83.3476969,999,40387.58046379702
2976,42.2445382,-83.3476427,1000,40402.804298242416
2976,42.2444345,-83.3475942,1001,40415.00677847576
2976,42.2443739,-83.347558,1002,40422.37465487617
2976,42.2442818,-83.3475074,1003,40433.43032872063
2976,42.2441375,-83.3473974,1004,40451.85434963001
2976,42.2438934,-83.3472023,1005,40483.39235739916
2976,42.2437456,-83.3470302,1006,40505.09008205923
2976,42.2436571,-83.3469104,1007,40519.02171545589
2976,42.2435647,-83.3467708,1008,40534.43652973096
2976,42.2435026,-83.3466668,1009,40545.435253174364
2976,42.243474,-83.346619,1010,40550.49448129951
2976,42.2433071,-83.3463115,1011,40581.88140369974
2976,42.2432744,-83.3462491,1012,40588.17470651868
2976,42.243202,-83.346111,1013,40602.104627052024
2976,42.2422651,-83.3441158,1014,40796.59940305199
2976,42.2420541,-83.3436776,1015,40839.6303870688
2976,42.2418982,-83.343459,1016,40864.61697620342
2976,42.241703,-83.343218,1017,40894.0227729791
2976,42.241407,-83.342949,1018,40933.69223334046
2976,42.241134,-83.342773,1019,40967.32868149846
2976,42.2405464,-83.3424905,1020,41036.682066123314
2976,42.239014,-83.341804,1021,41216.204536480815
2976,42.2384063,-83.3415322,1022,41287.38594192992
2976,42.2379486,-83.3412971,1023,41341.83575309058
2976,42.2365623,-83.3406936,1024,41503.794076326194
2976,42.2363358,-83.3405876,1025,41530.44872177144
2976,42.2355815,-83.340298,1026,41617.645840058714
2976,42.2351728,-83.3402089,1027,41663.67940655528
2976,42.2347231,-83.3402149,1028,41713.6862048477
2976,42.2343403,-83.3402814,1029,41756.602272530436
2976,42.2340585,-83.3404209,1030,41789.97544316247
2976,42.2338503,-83.3405505,1031,41815.466724824546
2976,42.2335203,-83.3407287,1032,41854.985286415256
2976,42.233055,-83.3412098,1033,41920.14513299771
2976,42.232571,-83.3416989,1034,41987.36068502537
2976,42.2321344,-83.3420634,1035,42044.43493652794
2976,42.2316238,-83.3423942,1036,42107.40556339535
2976,42.2311499,-83.3427435,1037,42167.43774679551
2976,42.2304788,-83.3430253,1038,42245.58436036539
2976,42.2302732,-83.3431062,1039,42269.39660328676
2976,42.2300703,-83.3432106,1040,42293.540034106525
2976,42.2294455,-83.3436386,1041,42371.440803203644
2976,42.2292819,-83.34375,1042,42391.81379855007
2976,42.229001,-83.3439458,1043,42426.96349313677
2976,42.2286973,-83.3441839,1044,42466.01130602193
2976,42.2285403,-83.3442411,1045,42484.09302731452
2976,42.228362,-83.344373,1046,42506.69869920661
2976,42.2281489,-83.3445319,1047,42533.766332699415
2976,42.2280158,-83.344666,1048,42552.231270653094
2976,42.2278609,-83.3448564,1049,42575.52157609141
2976,42.2277199,-83.3450589,1050,42598.40858340342
2976,42.2275841,-83.3452457,1051,42619.96277833871
2976,42.2275376,-83.3453123,1052,42627.49973079364
2976,42.2274547,-83.3454237,1053,42640.50381586069
2976,42.2272294,-83.3455735,1054,42668.42776767413
2976,42.2270675,-83.3456594,1055,42687.76979134107
2976,42.2269175,-83.345764,1056,42706.541420006164
2976,42.2267696,-83.3458646,1057,42724.95539989938
2976,42.2266097,-83.3459799,1058,42745.11131062126
2976,42.2265362,-83.346057,1059,42755.460056722455
2976,42.2264995,-83.3461516,1060,42764.253593219415
2976,42.2264746,-83.3462428,1061,42772.257097155794
2976,42.2264478,-83.3463447,1062,42781.16096002985
2976,42.2263902,-83.3464292,1063,42790.61775439935
2976,42.2262832,-83.3465135,1064,42804.39234647361
2976,42.2244145,-83.3478275,1065,43038.663473203545
2976,42.2243345,-83.3479875,1066,43054.56015675094
2976,42.2243146,-83.3481056,1067,43064.53332249458
2976,42.2242517,-83.3481909,1068,43074.44552341912
2976,42.224116,-83.3482665,1069,43090.768328783015
2976,42.2239166,-83.3484154,1070,43116.10479033206